tx,gas_used,event,backend
5d5077f46fbae140160b7a8f3eba2640b1103e3695201ac54b1c3051afff416d,1391031,Deploy,anvil
a2f61a8821b2776bd52bcb7761433735a5c63a1960d2c97df6a25a1a6f89be95,210815,createListing,anvil
bcadcccddcb8f7a78c117ba87dce42d452fb2a66550acccde6f775b9d9340ddc,48356,fundRound,anvil
54cb6e147a7190f69e4e94546decff901611bfedf120b359a5b9226413c5c445,112690,reserveTicket,anvil
50a171615561b462fa6329d741255822495b49c00f00c8a1322632145f3ac004,170280,publishUpdate,anvil
052607a65e164ad879e3e2b20142564c7be88db5019f0522805433843450515b,112690,reserveTicket,anvil
0eeba33200c5ad808a509fa48bda2e14a92940f79cc0d8a1a38ae049d836d930,170280,publishUpdate,anvil
fd785192d1de204cb9912c380a24bd825867cb28a8fb045176d7668ea1791bde,112690,reserveTicket,anvil
bf872e1794f3dbf69bcfadd5e4d5aeb29c40aaed943b6290e50d6b1bbd18d34a,170280,publishUpdate,anvil
f6136cb788375ab3334da0e2b8300ea66a3803573e7681047c3c4a72b802e17d,112690,reserveTicket,anvil
5d3156249cc92db3f7ef8b463459541224ae47501ae80e4222c03e9903b85695,170280,publishUpdate,anvil
32f5a850f4c28294418257c7542a6a974f6ddd2cfb35b681d85c06d07b3e9241,112690,reserveTicket,anvil
bdb8ab4526d4e3d31740ff8415b7de9f0535fbfcd47274c38133eb7210283cc7,170280,publishUpdate,anvil
d1333545723405fa0350f299449c20dbcc237f1d473edae2d9203f37f472d635,112690,reserveTicket,anvil
1c3aafe7e8d2bd88714adf136b658b05bd9eef08e22258fb030874e078130b42,170268,publishUpdate,anvil
4f4eacea96ebe5068cf8b34be83aa682509adb527240ddd056dd975436372c4c,112690,reserveTicket,anvil
c2962efc790425b62e6173632b211341965a7c3c9f8dfca5e5aabd9b4aa97e10,170280,publishUpdate,anvil
419f68378c5c8ac0a1f8f1906abb8fc0eb6ae114dd4912524157966eff356afe,112690,reserveTicket,anvil
fce767d5e6837be45e75dfb1e29ce9e9c1b03af63b29b5cee50f9938cf57c182,170280,publishUpdate,anvil
615eb8f3db7606d021ab6c26e6bc8a65d72791d688b3bbca2db14635dc5a7ccf,112690,reserveTicket,anvil
65360fee6e21feee81b0394949d91b4a6cc35eef27bb42f04c9132eabafabe4a,170280,publishUpdate,anvil
f1048461966807f43f4873aa9a61067cd2eaf31d392e607a404c2c48ea21a968,112690,reserveTicket,anvil
c7e7c271494485e93e56824e213e75028100df9a1f9d137071e596a870c77e3f,170280,publishUpdate,anvil
4089b06f802b31f485b05625a00581ffd55761eb16ff886d3b414457844117ab,437375,finalizeRound,anvil
ae82fa1c3c17a1237df1201f54cf61e158c3d2b4d1cf462ee17e425829251837,48356,fundRound,anvil
6d57658fb3471c4ef464c6bad2e6dd1f256ff432945f22aac1e91aba3f99db0f,132602,reserveTicket,anvil
11b3ade8f5af6534866a3c8d543110e48f1ecfd88dc0920be64767f0084f095f,170292,publishUpdate,anvil
cf0ef5c8da006d5c845cc2ee9c6be224801b0f05ea337c91954bfdbe8a27daef,132602,reserveTicket,anvil
29f0434c9fc0588488f3cf5667df2c0450a26e340791674cc75d40a317a58772,170292,publishUpdate,anvil
8950d3c65b0820c135c5ab07cb89fa205e8e1be61e7d6dbd8ef287a4b8c48835,132602,reserveTicket,anvil
3a27a995625850ff3e15f7478c5eeb2d67b6a930c4c0ea6dd2c6a1a34785ee1e,170280,publishUpdate,anvil
e6deb4ef9c16dfe60be02b2e32771e4631b16e2e2dc298149724c6c485162b48,132602,reserveTicket,anvil
27a6e1ef77a2658189e1aaca69d3f4dbf121c6743ff0bf2265ea72186c13c092,170292,publishUpdate,anvil
110354094568011c854fe9b1531bab1cc4e285f4a0113a400ebbcdfab5ffc6aa,132602,reserveTicket,anvil
571869b762eefd1f0b8dc86d337cf4ebc1e010cf4b072eeee7173ac275ed2619,170292,publishUpdate,anvil
f83116494a36995145ba08c94b1c2eefc8330c9d54f9f182e300b2255353c2fa,132602,reserveTicket,anvil
01f373658c7c95c7d4b0fbe006678e1bb3d4e9d26c1158e252e1daa580ab9c10,170280,publishUpdate,anvil
51dbfda607cf4deced8074e3ab64a857c94ad7f28b05a7625ee5f1e190eb2ccf,132602,reserveTicket,anvil
d0963efcc733ff828b540631042a8320d2adb5c81dd7341d516cd88b4fcd791e,170292,publishUpdate,anvil
fab2ace2a09a370fd54a202c362581c2872d9a4f9287c86b1ed882afcdad59aa,132602,reserveTicket,anvil
4c802aee704693cec16382159d5108759b447b28ae19e91c515f691165ad2afc,170292,publishUpdate,anvil
f2659c92dec7ccf6d1b91f46e9446893b597526c031c5e9ad9aba85c6f4fb109,132602,reserveTicket,anvil
187a90732d3222d70862d80614f2c61ee2428515679a143c7345b4f54bfc5626,170292,publishUpdate,anvil
9a4537b5e68cc0af2c8afa52077c1185bb30d584900562df171d0b5a4be9c233,132602,reserveTicket,anvil
b98ceeb426655ac0ea2a4d21bc09d6704a0fb33d9416e0fd9292792765a51b0d,170292,publishUpdate,anvil
8429ba7437f1c5e26d1687e51c4818c5b723b934794aef8a8275033196237c23,249287,finalizeRound,anvil
895f01777f95f638560e96b28a6f1918c9d6368a2545857c5ad36546d571c106,48356,fundRound,anvil
8685b7ad34f7814a8fe5c5575444f569fa8ac94f1f3be5df53ec479f997cecf4,132602,reserveTicket,anvil
e3e69e59cc8c3a92432e555779903fddde854f7350a1576c861587e735a15e65,170292,publishUpdate,anvil
7fef9b767ae95539a31ad0073773ec6526188dc790f0aeb981522055f383e822,132602,reserveTicket,anvil
a562609a2a8f0e8e5dc52db6f97effe1db31258bb976e244bbc7d03ba9d2962c,170292,publishUpdate,anvil
ff1b8a6ff0e1069039177371212a0b569a8127cdfe80b53fd8d4c80ff059902b,132602,reserveTicket,anvil
02ea642698aecfa60f9571a9ebebbc0a72cb6111526b50488c993f000d90fc61,170292,publishUpdate,anvil
38f4c160382c4eabe1a46af08dfbe7681eb1d2a22b8b2c76d96efbd01924ceb8,132602,reserveTicket,anvil
7b784cc431ed36f17a405546f6766a7d57efbaa5770242d60e3aaebbc0daec81,170292,publishUpdate,anvil
f87ad2ab9b6326c0d7f7dd150c31835a58884f2b90e5917357ab341de77baceb,132602,reserveTicket,anvil
1383842afd69cd24473f858ebc65525a7caef1e9cb6986bf3a3aa9203a96b233,170292,publishUpdate,anvil
309f5585ee89b84799f3ec30aab6fecb78a29dab98f847253147f3c6bb29ec37,132602,reserveTicket,anvil
dc16edfbaf840f357447ac69c7a3d2879464a7384b5715cd1d8907441c868ec5,170292,publishUpdate,anvil
559bc7eaf24bfa912d6d84ada7aa7b56426c828aa485a812cd54b07565ba859b,132602,reserveTicket,anvil
9f7576ee5e5a395e0b8b197c0b16f966d564a48a547edee95c177ca2a8e957ce,170292,publishUpdate,anvil
6d78d1791db693a2ca375a7a4434ed01b98fb96316c6fd809734227b5b1ff416,132602,reserveTicket,anvil
c2e6f9396de7633f7ba7de4a3815245511147038a109df5bc7a9456aec88b238,170292,publishUpdate,anvil
14833e271e55ec6f6c276c1303360ac4a833af3ad790725285fb7c107e506bc5,132602,reserveTicket,anvil
7abd481ffa7f1a46c20911547c8ebfb022c546e0bf4fd64acd1a83953f0288b3,170292,publishUpdate,anvil
ab698c32d0c2f23d41be6c1c8a961b7085c6709ed0bf7f313fc1434bc6e98578,132602,reserveTicket,anvil
a9755b57499326112ae16cc27554cd6943e2c1d3c66da7ed61e88c4c997c7832,170292,publishUpdate,anvil
5e7c5a25da7f6fe224b8a8d5ee45b39534e5e9992b2c9706b9f743c452971172,249287,finalizeRound,anvil
cdb229ed3b4c7618690fcb43c44125ea2dce44fbffd1cea82507e0a9f309c444,48356,fundRound,anvil
a4cd542b68ca5000311b0df3d209229ae3ef11ac91a751e8c8c041df3d56d6ce,132602,reserveTicket,anvil
518b42c67b20a0aa4c841adc55bafcd3084d733ce3eca7e3d6f94ecbec673cbe,170292,publishUpdate,anvil
142567834c4666df192ab36e2798d2c708280d9ab50b57c9ae4d62beb8cf397c,132602,reserveTicket,anvil
7bf65f5353f03aa63057788dff0837f8baf01ce1b98c49d0f2dc1e4739174700,170292,publishUpdate,anvil
65029645e68c317d8e0b5e7eab6b818d76a24844edaefcca7319083b7c79c163,132602,reserveTicket,anvil
e7f32e8128cc3e0a9c0b2e2534a89b8a5f34535c2bea65a60cbdecd1b40d751a,170292,publishUpdate,anvil
1e1422f480772575bf623c0b8b2afcc19cd57380325192ef9987ad73ce8ae1b1,132602,reserveTicket,anvil
5dd978ccc0e8b823dd50db08fb4ad795f2029ed6f7cea883b97888d5c664008d,170292,publishUpdate,anvil
6bf30ef3adcf0325830aa469e2f76491a8ceaeea9d46c0655ed056e893e9da4c,132602,reserveTicket,anvil
b44799934555f6dba1f69d487de5734bcddc6b27c5c0fafe5893aa74c4171140,170292,publishUpdate,anvil
0db1088f9f3963aad9e4c20f0d9484033a90d907edd5f6368d319af6e4ca8e62,132602,reserveTicket,anvil
f11c24b26a21fa6bed3cc74118fef790ce48385ee492b8f8c62b7abcf2ef980f,170292,publishUpdate,anvil
ede790cab49414163d5605427d3f78eb8529d86bed15e1cef378b97ad5311bc0,132602,reserveTicket,anvil
896b8001eb78590fb7e9f78f10345fc0b21f59a82b1ecd0bf45f6dfd906839ae,170292,publishUpdate,anvil
a63563f9885273794100cacca8a3cb57f480148e91b465af8fa1f52ad0e0f662,132602,reserveTicket,anvil
7a7b080707974be297c84ed1db969e5cf30cc8eba2d1135df2cf06300d18cf32,170280,publishUpdate,anvil
925996d2eadd831344524c296b0b612d36013157c8645a6e1d792fb3dde6e8bc,132602,reserveTicket,anvil
257b6a77e580374a5c86c40643eff29e7e8a6f5706bbb0640ae16259fab49441,170292,publishUpdate,anvil
ed707e732a57d6eb59014e9a38b1432f52cdb8df86a0b480d5a957179deb43e3,132602,reserveTicket,anvil
668f2c5e71b559b5b41b7b3c3b11a9d83af455d5202e29a7745ba459690144a6,170292,publishUpdate,anvil
66a3278b8cf7fa49cd88257a501c61fb5b4a387c53b408b4ccf7dbc88267e8eb,249287,finalizeRound,anvil
c1a484f45a57c1698748fcc1aaa6dad71665a43041fe9631066a70d64b9dd764,48356,fundRound,anvil
7cd9dc8bb6dafc8137c536065ea781421ef5b27aca384e31516214836bfc93ad,132602,reserveTicket,anvil
f3145b67d069190409be3eedfbc865f2546fc1cae36d0b2eeee7b648c85382d5,170292,publishUpdate,anvil
4601b8ae125fecfae4b2f0fc5653f9a0b5a8e584294436ef52e72ace9e34202a,132602,reserveTicket,anvil
e3a9ac4da023f8976db66fe9a59c1fbf2bc87c70b3b360275650a29a9da2833c,170292,publishUpdate,anvil
1a1f7104d866520fbd46c6280994a835a1d04270b06bc628a7f3a9af754d4e18,132602,reserveTicket,anvil
2c378910081f9cf128ab0dff1718debf73f139ebb787ec9341ca8bcfee6495fd,170292,publishUpdate,anvil
2e46f3956248a3b5f3eed493b5f171c1304a5dfb36b69e0af49ed3f2b62d45f3,132602,reserveTicket,anvil
6abe659bc1047e7316c2eb86efac72b40f411eb84a282b02ba9142017fb24695,170280,publishUpdate,anvil
c9e608d7e5bdc1a7afb19ac5bbc416e59db478b74562b5e0fd3c0f587c0d0a8a,132602,reserveTicket,anvil
da862459a03f1f396669a936437cab7cbc71ca7985384d98b0e125e24f649e5a,170280,publishUpdate,anvil
1a76c727d5258ba49068a39b4d46535a7b6e726aadc9ad7ab3b7d5b08bc922b4,132602,reserveTicket,anvil
936eb27753e84455e419fcd6feb63ce468ac3e00190000dbaed32a329b504e0f,170292,publishUpdate,anvil
9f21fa178c4ca806d82bdbbd3015baaa59662b71ab53c640081590421908d5dd,132602,reserveTicket,anvil
de230639712dc94886319d008d0edee8fab562a6bc73926ef4ea914af1b235e6,170292,publishUpdate,anvil
1c0128e3eaebe4feeb5025ad4ba4faf6cfcb4dad5bc16d85a38be5af49f490ea,132602,reserveTicket,anvil
0583d7584d7288e8b30e3d2b67f6678cb87bb9b9580da9598bcfad638f9a9499,170292,publishUpdate,anvil
ee52f3d9b724f42b63f6f60c52aa034d16a1a309d1104a23cdb9d924bc87771f,132602,reserveTicket,anvil
101c556d9f666f9096d83250a6c1789f3956b73065e1bfc0ea9bc2b13da52a52,170292,publishUpdate,anvil
03ec5906b829f4d86e437ad43c82220052a2224d2e6e807047fe9272836dd70b,132602,reserveTicket,anvil
194f4d57311e405bb9db97cf2ec2a3d7d8f4c09985fde26dafbdb76feb30a61e,170292,publishUpdate,anvil
b3721a43be6cc058f3613d72721e178af620b1a37a08346b8242d22f4045ed49,249287,finalizeRound,anvil
aca97a24a02a8cec0309348ef69ebb45f0d92076d8ff90de0c3fe0dd97606f25,48356,fundRound,anvil
38a409b1f059db5f22c00685b8fd17e4d36b08baf9d60c07709da67d1aba797f,132602,reserveTicket,anvil
9d5d0e094b99480fcfbb0f57764a660e7e3b3ee00390f2d02ae00cde65ee4b5c,170292,publishUpdate,anvil
c82343f66f3a686ba6ad9c57180f342b5f77db4062aeb32efc63000f93d41506,132602,reserveTicket,anvil
db1d7e4681b271ca0f37e7c251f39cceded91c240644145173267554c9448f9d,170292,publishUpdate,anvil
32669c21797c35982859be06c10fc77daa4c2ba38d085e6d670e8c2f287b39f4,132602,reserveTicket,anvil
0b3c9e76fe1a9a9a4b7e84a342b6d962c44c998159c6946d69feb2c99d4b45f9,170292,publishUpdate,anvil
9ca50f158dfeabbd1b4c69fb2daa4a3589acce6726752cd77d23cb169c338a51,132602,reserveTicket,anvil
785c4e29fd9eed89da900f9308d6f150b1a3284d67aed84a2f8919a7998eb168,170292,publishUpdate,anvil
c667600ac7caa2296da7df359bee692f40813614506a0beb5c4dc33e609746c2,132602,reserveTicket,anvil
84c915794859900da5929bf724c97720fe14623bed54268d14247a2160d131ec,170292,publishUpdate,anvil
83f9ba515938d5b182e43d261ec057ec5017974f2af753551706711c1822e84e,132602,reserveTicket,anvil
2ea159a4076cbbcf9f533c40534f45659e956aa24059db7a8a0118c646059676,170280,publishUpdate,anvil
1f8ece971b41eb9cd7a02a5e1040bcd0fa8476c784987d29f7ad6893d76c324f,132602,reserveTicket,anvil
d39d78157f7c2c5b3247d90af8b874ecf6e412e968e1295065cb86037e6837cd,170280,publishUpdate,anvil
32f43904cb70b44243463839829300fe4537379b5fcc0f5db78ba7dc833700fd,132602,reserveTicket,anvil
7d65412bf8aa397b859f29e55745a6fdddc6601e8b0751ee78147220c5f55c07,170292,publishUpdate,anvil
35df502384a97bdec3fdccd9a4c89ba05721b399894ded10d4fb18597d4113fc,132602,reserveTicket,anvil
2e7bfbe4b7f11658095c1f7f399b6c53f0728af6ac5ca674f00799947d702cc7,170280,publishUpdate,anvil
fe3db89ac365bc2fba5bbc25c9558b0be88ca61657b59e6d69458c3552ad13df,132602,reserveTicket,anvil
cc5859dcd726fab2a473a428b7fd346cb6c8583ecb2bf547dee435d09778a04d,170292,publishUpdate,anvil
c8c0b2e8396ae57741f018f295b5714f7d8c3d227a740d8dde17b3ca5447b371,249287,finalizeRound,anvil
cd87a557b44d33959843a21eb8790d62f59a1c6d0ec9612902c4dd2faf973231,48356,fundRound,anvil
1af6ff3d3074d8313c851805d46608eab3b98007fc9eaf2895ef6b61faa53b8d,132602,reserveTicket,anvil
96fcc5c4cda04e609012360c4c35984c7277794e8d3bea02d7950adb5fef8b38,170292,publishUpdate,anvil
8c8b740a52cefc02b822c68e7a098a440d5bf5ffc814eb02ab4dfbcabb2a1efb,132602,reserveTicket,anvil
64fdbe978e5b2febb0c0def69113728e51c2b8e74c7c67786debd2dcbc3844ff,170292,publishUpdate,anvil
a393ab294032de510f9afe10225d920d0035eef74f61dc625af46006540eace4,132602,reserveTicket,anvil
913409bb91c227bc6d899a31ea2fbf0adeee815de883419886477f894dc3f1d0,170280,publishUpdate,anvil
fac11ac2836038249b3cf509f3717a736f8a5377636ab6287be40bb2ba51c568,132602,reserveTicket,anvil
9227e1923608a58f0e5454c11633d54e98f6d77972ec87ba3163106c537044ef,170292,publishUpdate,anvil
9c42711254b672140d1a277350ad99f51463fa65507d9877c117ed1eedc4df18,132602,reserveTicket,anvil
543a6f6055a51168214d747eb78f6faa22e441cb5b2b2454b5b2ca0d6c82fa0e,170280,publishUpdate,anvil
a9cf023dd845dceac3d83c7eceb8108f405419bdd083e77dd7454550c472adf6,132602,reserveTicket,anvil
1f8015112ca6d088550e99a681aa2dddf5f767e2c4c8dce6a574ccc8474c79d6,170292,publishUpdate,anvil
2e018b591619a8a798b2133be31b1bab8737cef7dc8cc1c26ab58e2198d452f3,132602,reserveTicket,anvil
74717354a91674eac6ccee3b54f1f2d09352c7d44f49876a31292840c554520b,170292,publishUpdate,anvil
a00aa03bcdd1596309f5691ffdf121788af7fe58e468c3cc43e8a1a4b2b479aa,132602,reserveTicket,anvil
ba9c5fc74bef1a669fe60ce14517b5058b16715c973b916c75d86b605d829bd4,170280,publishUpdate,anvil
48c8448592f45e1dc3a08d556961abd67ef8df9dd2fbeccf63c30d04be82e5b0,132602,reserveTicket,anvil
24a2c61ae5cd72be222a7f889c365277794e8612f63d3c205a7431e1ca135dec,170292,publishUpdate,anvil
19fbee6116bec3263e2a34e1a486d13f3824fd1bff81300fe5e31b4a2056549b,132602,reserveTicket,anvil
478ffcd6804729704173bdf6b97c961f38506325503ac8c033cf6ca461686243,170292,publishUpdate,anvil
92770383e92bf64965e513a06c9e092ee2f2b04987e16bbe593573eb68df8cdc,249287,finalizeRound,anvil
7f82268646128fac60ef6345784cfa287dba46a576ccd19799d430fddf8397eb,48356,fundRound,anvil
22991b36fe3b2d12793dc8b31d4ec20f51c48edacaa74423e17b9f6ae5712a6e,132602,reserveTicket,anvil
9985aa23d266cf81759c04c75f5962aaff8eabce6e3bcf034e009ed41759cd5d,170292,publishUpdate,anvil
75a166929abd82c2c1a5296aa4e18600ffc9174637d1a119cb6286087d2fa164,132602,reserveTicket,anvil
51eb267a318cbae341ee794f490ce4d72aeef7c1dc8313daed4492e1aac7e782,170292,publishUpdate,anvil
d8c7845b6999eaddc3677b6a50150d0713df88400662fdb4a00b7bee5ace88cb,132602,reserveTicket,anvil
7e82c88d1da2775b856d132be6d4c2f9bac3ae09291fc6821c1604e51d85e76f,170292,publishUpdate,anvil
f9bba085923a84a8e44cfbed3ee2a5f3a1d93804c7f6969f888aaf0f3e0175db,132602,reserveTicket,anvil
635ae3a17cf4d2ef85c22589c14b0d03f59094678ac96365a1d62a6f22996f19,170292,publishUpdate,anvil
a7e3ea3d71598206b9f859981f5be10892fb73cb7d30de0e5637e153406c677f,132602,reserveTicket,anvil
5ce2a1b65c07807aeac2edb27d00ea1fa2e867b350bc4b281d3d0f5adae357b6,170292,publishUpdate,anvil
bad4a9487cd810fc0a6cf0ee894c38d05014e418ec6d692005590d964a4a6626,132602,reserveTicket,anvil
01c903cba9b02bed3b83154f93fe762a9c1f9af258d4102b21ab9afa2f114cbd,170292,publishUpdate,anvil
5facbd0e820de02c645abfc53022f061be06299a8a5c273becd8bc5ae73eb88c,132602,reserveTicket,anvil
d3046bfa77b7f3a24193b555f8ecc120da627627dc179f2c4b9447b9b72f11c1,170292,publishUpdate,anvil
ec9875673c5cc631782e9248e400cb3e3981fe666346c39396f830d0d74ba5ac,132602,reserveTicket,anvil
67f7c0a57faf54a3c333f7a2093e0f9095099e33437d39fc58778ee2647e7dac,170292,publishUpdate,anvil
d65ca31bb685836d214538edf42c4a8e117aa5e06043b920f19c6ffe46ade277,132602,reserveTicket,anvil
7d19e08cc32406373786d09827a16c3954c08230cfc613055a8754193bf39f5a,170292,publishUpdate,anvil
1986623d1d17a4fe3a9d29350a962b562fc2cc6035821ebb79a70e719e1eccbc,132602,reserveTicket,anvil
41b2e7d71d81c1cad53c6322ab7ad31a4756d40543efaf9cb121cbe1668883c9,170292,publishUpdate,anvil
61cb78da08d4b8631801a6c8007e53cba1f8ca9b4b838f5f6b25a0ac80b4c3ee,249287,finalizeRound,anvil
3c794f9119b313f95e7cbf46fc8cdb63243b8009a3dfef75696e6f27958ca79f,48356,fundRound,anvil
f52f437a1ef852f6284585f40f541621ad2c2de8e78eabade505684bf0b17da0,132602,reserveTicket,anvil
15e8776e6fc487b997748c73b0cc10b7a0ae461573abe40139edf906d7ef0060,170292,publishUpdate,anvil
b1106acea404285831bc1bf6fbea7e90aa69acb387ff66725ab7d8bc488b3c07,132602,reserveTicket,anvil
5ef2c1c0662308b5a5da89403e5a59598bafe1a82eeaf3ff13de4f06f2c81282,170292,publishUpdate,anvil
6f3b9501c7b63777dd14956da4d7877c9ab318261928bd31f63b9be2c6b4219e,132602,reserveTicket,anvil
46b189e92c2274dc33472d13b16e0f468cda94c25a1c1e21a0f0119ed804fbc8,170292,publishUpdate,anvil
f2f1ef8218c16d9590efd22b5c9a0f1ff6a3277053e642563fa901f273b7fe0a,132602,reserveTicket,anvil
8344bad49e1920d300962d47bec6fb5020efe61bb4325f2a0b8c47e9cbfdd2c8,170292,publishUpdate,anvil
9bb7dd671cf7e48298969a8f0046e7331ec77d09e6b61a09d93a3a86b12caf6e,132602,reserveTicket,anvil
b7dca0418c26d6363cab255e4d95c23465fd92cb66434fec9be5d3586917478f,170292,publishUpdate,anvil
bd6fb46b4f6a8727b585250c13647ce412bfd47828b5cb855b54310b83fbb14a,132602,reserveTicket,anvil
382247bc61b7c2422887eec88d994db9fab53e84064b347257fee35d90c87344,170280,publishUpdate,anvil
93a37fe528499e4f3672aa60a8e16f3e5506c9bca87fbbcc5ae74892bb60b50e,132602,reserveTicket,anvil
518a2273df7308d031765993de6468999726a372efec7be87fc500038f8744b2,170292,publishUpdate,anvil
5154f76f2271c10d9239e38613ad74d990cc41c8ee4b3841547916487c181ec9,132602,reserveTicket,anvil
851d9ce253a2a21726b5ec5e64afa886f182fcabeab7a9ba45569c2bf4a7f428,170280,publishUpdate,anvil
2c8e8714564afaa4d15f53fd51b724b066a6b69764ae4c8c5dab30cae4d380fa,132602,reserveTicket,anvil
2fa76e63fccda923d15731b459f28a60453656fbcfad7d4b157cd793abe977df,170292,publishUpdate,anvil
0ae4141d10cc8d0f073bc758b88212af5349bd7ed705f6d7c938a75c0bf531c7,132602,reserveTicket,anvil
57343cf6937702a1e373230f69ce8fee97f5e480b97cbf688b276a5b337f1d90,170292,publishUpdate,anvil
c3d6d069704e8f58929c84d83b39744550fb4a6b352050ce445f8f98eb36cf20,249287,finalizeRound,anvil
bb885467d2ed62a50639729fe12a2b7685e367f8c57247cd8f755229b4bfd851,48356,fundRound,anvil
21a95358f9a7f058370f32414b56612f869f9f3636e0bae9a911618e987c59f6,132602,reserveTicket,anvil
8dab97e9bbf6795b8f0a2c293fc9ec9d84597788cbdd1de8ff8d30399434ca3d,170280,publishUpdate,anvil
c7c1be7347fc58ed92a93b6360be13f94bb56cf17fa84a1d6162eccb24cef27f,132602,reserveTicket,anvil
2cc7a5653776c6f542585cbaa3da9828a90287c3a03c1fb022ff24831c596f27,170292,publishUpdate,anvil
76c2a20489a60323d725900fc1f911c5401592471035771822c9154b3f38a4ed,132602,reserveTicket,anvil
c56094dd6502584006fa56b9f13d9e15f2472740fea8aa9796aeaa9692848fc6,170292,publishUpdate,anvil
c1f3f545b99347195fa318cec6c6173cfb2662d92c8e4f3025620e6ba1e20925,132602,reserveTicket,anvil
d1f71a43b5c9dce2d941cb237de36ff06cf818cf340dfcf202abb9241ff3b4cf,170292,publishUpdate,anvil
8a49e484f20f04cd356820baa9056add5783541ef281831284c049e010d79f98,132602,reserveTicket,anvil
c522cb1894d59ffc59a23067f32bf4db45f95e2f322927d3297a2f7986ababda,170292,publishUpdate,anvil
1032aa2821b4adc6cdb949fa9669e6f897751f4efabc6adde1856b0a5e0c0168,132602,reserveTicket,anvil
d052261b644d1a07000661e59e5489971c4d7ea7c65748337c7f6cb57e9b62cb,170292,publishUpdate,anvil
12864f9e6728423ef8c3ec06cc8d0b06f4c6b3023da95e2b054744a076fc0876,132602,reserveTicket,anvil
96815a651b7d84ff3ae5a3af523e55f284ec76cb574ec8c4e38348d344801380,170292,publishUpdate,anvil
658b3d0ebe7a9115aa573c6ae6572466eb33aee11ecc1634f730378b638403cd,132602,reserveTicket,anvil
e887322805e1fe99fd06e02c3458b37a914efb9ae91085dc0fba3fae1eb73b75,170292,publishUpdate,anvil
f994c184ff3e3478a6595a048a226f447647bf976255e8cd745fc04499a6741e,132602,reserveTicket,anvil
b604acd9445cb65a7a6a3f98e15a6450fd96788b87612af9601a9a8277fb507a,170292,publishUpdate,anvil
0a5bd2f388daa0727775a34b2e5462de342acc21aa6057080e3d88000c3d0eda,132602,reserveTicket,anvil
4a7750f121fbb5a6e3ae86af813d04815a9523a2fd72fd7753910ccbc08122ea,170292,publishUpdate,anvil
2908dc4ae6f31902b0a9d284a9840ac463182540f9520174f1e0c539cd5e9a62,249287,finalizeRound,anvil
ad8af6175dc1c8445e1ea172a2eb7903ce1119dd4eaa03bb57bf779455e925a5,48356,fundRound,anvil
cfbc47ae0d3393bf0c55d936f8cd47085150a75384ffbf5751837d0393a08bdb,132602,reserveTicket,anvil
5c02af6b07dfa162281debc820b5be45d0c0eb6720a33309d58b34d206a80ab8,170292,publishUpdate,anvil
053f617bf21f56266b196a499ae323e38bce8f4b8f0bebc3ba92478979147dc7,132602,reserveTicket,anvil
12ca73d9e31b92b0a175aef7666d7f0087a944f4de83ead773d7759a28aeb3cf,170292,publishUpdate,anvil
866ce1c9cda77eca242d736c19ad208bbc2e47f413713eee72707923129e03fe,132602,reserveTicket,anvil
87c0602274814ce778a3a953702f82fd6a6d39b35a42a45b51c9e3cfeffeb5f2,170280,publishUpdate,anvil
145405b34d986cceeed73327163bd12ea336090e52d68edeeb161f11541cab32,132602,reserveTicket,anvil
078f9032dc2a62dee0df4712f215fc8d049ea8b6911ceb3280064b111049bf26,170292,publishUpdate,anvil
42310758b93b7539a2a6a279fa66cf0f070d62979d3c910307b2992206690e2f,132602,reserveTicket,anvil
cb17dac5fdafd72ec3728ee2d263e99a04e9853156430751bd18d04f491f093e,170292,publishUpdate,anvil
4e0f0994f0675a307d0002a0be130468b7c46b9151aa44ba0547eecb0033a1a6,132602,reserveTicket,anvil
e7a3f2849dff587d8b550892f869fc058045dc900bd2b7a3f9647f474eb69089,170292,publishUpdate,anvil
e3a91d1d9e8115877dc659310fa77171b2b5231bb6e005250997dc0f05542cc0,132602,reserveTicket,anvil
86aa031dee1a65dc4d15e348e3700969df025c87e6614bc7ec635332bcca7099,170292,publishUpdate,anvil
5f3195e5861d348a9d0ad493520fd2b5776e4a5f4b8c45e5905bb79d4b66f17e,132602,reserveTicket,anvil
dfd1f8b318f9c749a91e26410f41d2e02b1beec855b5144820f87954eeece2d6,170292,publishUpdate,anvil
fc24827401b1718866f670a16c90d01e037cf133145095cc22a7cff2277b0e5d,132602,reserveTicket,anvil
4d0fd9e4429e63fc5525593d78686bb37812403d85cfd89325f202e73861f77c,170280,publishUpdate,anvil
e18d353769102735b46e041b97e49c7fa1caa31528e239395304046d83d36105,132602,reserveTicket,anvil
8d0bba41d4604ebbe79e36c78a5db9f2bfc2d716233454bd30bea7fe5a444e06,170280,publishUpdate,anvil
16b131d02e9c07e4e4fec8ddab2ec6d1395d0eba929f9d49d3ff262861b4a3da,249287,finalizeRound,anvil
42adcb8139f38ab2e48829e8bb47612f6dc834e6dbe8557c76a032c5dc6f27ca,48356,fundRound,anvil
c2387e705b5cc7919d0a370613efcb5d10cc10e23e358ccf3c8b833d229b90ec,132602,reserveTicket,anvil
9613c7a5f15e265ce6171c5d9abe0ad77ea127d3bb2fdc6f3a1b58b9cfeeb0f1,170292,publishUpdate,anvil
3208797587e4957a747bf567e5e57ad7135d1c309add0a13d1382be2dd87781f,132602,reserveTicket,anvil
bcfbe8732677af5457d564b00a208176c788eaa6814931bd8411cd98f7ffd5ff,170292,publishUpdate,anvil
6f34b200e291b4ac1bb3e492b89320560e2347297cc0dc16178682b141d9e2a8,132602,reserveTicket,anvil
4701e633c8003b800e406cd7acc103b04bf03ba5ff21508bb756217d74d4fb4e,170292,publishUpdate,anvil
271bcdd7ef408ffee400a107d03011c61baac9d28cb32f38b355954e696ed2cd,132602,reserveTicket,anvil
60311b5c773f0274577dda605bdebaf58ce562a0f981bff15779f37cc5f499e4,170292,publishUpdate,anvil
453f5f6ceb56876a33f73c5e3cdfc6f1d49f67bc38e92483c882742a5ed8a49e,132602,reserveTicket,anvil
620e1eeee5d72f55683012e92ecc4fbfbbc1721adb8967be3a270744b16a967e,170292,publishUpdate,anvil
04f9547d3e95f2a4de7e94cbbd9ac45ac65b69babb96947bdb55a52c4f63ef8e,132602,reserveTicket,anvil
562355c7820a6e2872bfed010ba5d7365a98afb3fa8dffb5a87c462824d8b207,170292,publishUpdate,anvil
3188bd527a98fe94e05edafd9ad7a864ffc01df97fd7490946b9536fe2fb46b0,132602,reserveTicket,anvil
4d91ee239fbc73d57b286c0206e54dc8ffb1a95793452b8337ba5c5801349433,170292,publishUpdate,anvil
d1624fb428999a2ae9e53ef132606f6b5f30f5d599eca84375f2dc12c624adb6,132602,reserveTicket,anvil
ed4aa98aa148edaee88630b081b19fb5c912094df8996910448e2977c9190259,170292,publishUpdate,anvil
091856c019b3ac411c29cf59978f230ce5b3d8acf797dcc8f463110adb3a8db0,132602,reserveTicket,anvil
690bead6514378c3cde0cdb6875f5a3afb73a95e6b911eacda2230abb6316931,170292,publishUpdate,anvil
dd72d66bc411934ed4ef0cf5c39e86a779ea2e502fbb5b4c2b9c9185ec2740ef,132602,reserveTicket,anvil
59abb33e2bfbb72d3a477573727b4e6747590d87022533ed94210ac04663ece0,170280,publishUpdate,anvil
3acb627ef938799e9ed9566fa14a9ab193476dd85c2cba3e461ce85c69236e16,249287,finalizeRound,anvil
7835a7e62c14583593e5557a03a1ec4ba19e5af5f57fc181eac328f7eb5485ba,30943,claim,anvil
4a203a45990824fb8be2d0abdff0bb69bbca600fb214176fa7f41ed9e5aa8eab,30943,claim,anvil
300e3630b6f9fcd7128ac0389bdc8f39ef34e6d9125490ea36b40a1699b37495,30943,claim,anvil
78a208eb4f5d466368fc78c1bc886aeee53dcdb6446ea77c4c05dddbedc27700,30943,claim,anvil
b132f08e67fc0e454e298f1940c2e7f3f3a84be2975f7bc5152eb9ee7825acc1,30943,claim,anvil
058b0ca3428df205e7860c215754452af38756b5e7127814d8b25a5d0953d649,30943,claim,anvil
760ffd465ed9510c9ef4dde21349935e60cf2b7bcdc0efe486f5312e1b3ac9c7,30943,claim,anvil
c07d70eb78460b5197b1fe76f8b54bcf7ae278676736d01c873ec896a032e742,30943,claim,anvil
5ad9b56dd218ee0eff802fd5d27b628d6a4867d7a7f6e0dec6febf3210293430,30943,claim,anvil
8a4848b877079fbb988cd58625be9d8c1261a10c3e2c38a066e30d7ffa3dfdd4,30943,claim,anvil
